Index,Data
0,C: 0 T: 2274 P: -1 V: 18
1,C: 0 T: 2285 P: -6 V: 10
2,C: 0 T: 2296 P: -11 V: 21
3,C: 0 T: 2307 P: -17 V: 28
4,C: 0 T: 2318 P: -22 V: 13
5,C: 0 T: 2329 P: -28 V: 20
6,C: 0 T: 2340 P: -33 V: 16
7,C: 0 T: 2351 P: -39 V: 12
8,C: 0 T: 2362 P: -44 V: 18
9,C: 0 T: 2373 P: -50 V: 12
10,C: 0 T: 2384 P: -55 V: 16
11,C: 0 T: 2395 P: -61 V: 18
12,C: 0 T: 2406 P: -66 V: 21
13,C: 0 T: 2417 P: -72 V: 14
14,C: 0 T: 2428 P: -77 V: 20
15,C: 0 T: 2439 P: -83 V: 21
16,C: 0 T: 2450 P: -88 V: 28
17,C: 0 T: 2461 P: -94 V: 27
18,C: 0 T: 2472 P: -99 V: 28
19,C: 0 T: 2483 P: -105 V: 23
20,C: 0 T: 2494 P: -110 V: 20
21,C: 0 T: 2505 P: -116 V: 21
22,C: 0 T: 2516 P: -121 V: 22
23,C: 0 T: 2527 P: -127 V: 20
24,C: 0 T: 2538 P: -132 V: 22
25,C: 0 T: 2549 P: -138 V: 11
26,C: 0 T: 2560 P: -143 V: 23
27,C: 0 T: 2571 P: -149 V: 24
28,C: 0 T: 2582 P: -154 V: 32
29,C: 0 T: 2593 P: -160 V: 26
30,C: 0 T: 2604 P: -165 V: 22
31,C: 0 T: 2615 P: -171 V: 33
32,C: 0 T: 2626 P: -176 V: 27
33,C: 0 T: 2637 P: -182 V: 19
34,C: 0 T: 2648 P: -187 V: 35
35,C: 0 T: 2659 P: -193 V: 25
36,C: 0 T: 2670 P: -198 V: 27
37,C: 0 T: 2681 P: -204 V: 33
38,C: 0 T: 2692 P: -209 V: 26
39,C: 0 T: 2703 P: -215 V: 21
40,C: 0 T: 2714 P: -220 V: 26
41,C: 0 T: 2725 P: -226 V: 33
42,C: 0 T: 2736 P: -231 V: 29
43,C: 0 T: 2747 P: -237 V: 45
44,C: 0 T: 2758 P: -242 V: 31
45,C: 0 T: 2769 P: -248 V: 36
46,C: 0 T: 2780 P: -253 V: 22
47,C: 0 T: 2791 P: -259 V: 15
48,C: 0 T: 2802 P: -264 V: 30
49,C: 0 T: 2813 P: -270 V: 32
50,C: 0 T: 2824 P: -275 V: 23
51,C: 0 T: 2835 P: -281 V: 28
52,C: 0 T: 2846 P: -286 V: 22
53,C: 0 T: 2857 P: -292 V: 36
54,C: 0 T: 2868 P: -297 V: 33
55,C: 0 T: 2879 P: -303 V: 26
56,C: 0 T: 2890 P: -308 V: 36
57,C: 0 T: 2901 P: -314 V: 34
58,C: 0 T: 2912 P: -319 V: 28
59,C: 0 T: 2923 P: -325 V: 28
60,C: 0 T: 2934 P: -330 V: 36
61,C: 0 T: 2945 P: -336 V: 39
62,C: 0 T: 2956 P: -341 V: 32
63,C: 0 T: 2967 P: -347 V: 24
64,C: 0 T: 2978 P: -352 V: 27
65,C: 0 T: 2989 P: -358 V: 28
66,C: 0 T: 3000 P: -363 V: 27
67,C: 0 T: 3011 P: -369 V: 21
68,C: 0 T: 3022 P: -374 V: 23
69,C: 0 T: 3033 P: -380 V: 25
70,C: 0 T: 3044 P: -385 V: 35
71,C: 0 T: 3055 P: -391 V: 21
72,C: 0 T: 3066 P: -396 V: 29
73,C: 0 T: 3077 P: -400 V: 32
74,C: 0 T: 3088 P: -400 V: 30
75,C: 0 T: 3099 P: -400 V: 18
76,C: 0 T: 3110 P: -400 V: 29
77,C: 0 T: 3121 P: -400 V: 20
78,C: 0 T: 3132 P: -400 V: 38
79,C: 0 T: 3143 P: -400 V: 35
80,C: 0 T: 3154 P: -400 V: 15
81,C: 0 T: 3165 P: -400 V: 40
82,C: 0 T: 3176 P: -400 V: 36
83,C: 0 T: 3187 P: -400 V: 22
84,C: 0 T: 3198 P: -400 V: 33
85,C: 0 T: 3209 P: -400 V: 26
86,C: 0 T: 3220 P: -400 V: 29
87,C: 0 T: 3231 P: -400 V: 20
88,C: 0 T: 3242 P: -400 V: 37
89,C: 0 T: 3253 P: -400 V: 37
90,C: 0 T: 3264 P: -400 V: 29
91,C: 0 T: 3275 P: -400 V: 35
92,C: 0 T: 3286 P: -400 V: 25
93,C: 0 T: 3297 P: -400 V: 28
94,C: 0 T: 3308 P: -400 V: 31
95,C: 0 T: 3319 P: -400 V: 22
96,C: 0 T: 3330 P: -400 V: 33
97,C: 0 T: 3341 P: -400 V: 30
98,C: 0 T: 3352 P: -400 V: 28
99,C: 0 T: 3363 P: -400 V: 23
100,C: 0 T: 3374 P: -400 V: 22
101,C: 0 T: 3385 P: -400 V: 32
102,C: 0 T: 3396 P: -400 V: 39
103,C: 0 T: 3407 P: -400 V: 20
104,C: 0 T: 3418 P: -400 V: 32
105,C: 0 T: 3429 P: -400 V: 24
106,C: 0 T: 3440 P: -400 V: 35
107,C: 0 T: 3451 P: -400 V: 24
108,C: 0 T: 3462 P: -400 V: 25
109,C: 0 T: 3473 P: -400 V: 35
110,C: 0 T: 3484 P: -400 V: 24
111,C: 0 T: 3495 P: -400 V: 32
112,C: 0 T: 3506 P: -400 V: 33
113,C: 0 T: 3517 P: -400 V: 25
114,C: 0 T: 3528 P: -400 V: 42
115,C: 0 T: 3539 P: -400 V: 34
116,C: 0 T: 3550 P: -400 V: 26
117,C: 0 T: 3561 P: -400 V: 34
118,C: 0 T: 3572 P: -400 V: 31
119,C: 0 T: 3583 P: -400 V: 37
120,C: 0 T: 3594 P: -400 V: 30
121,C: 0 T: 3605 P: -400 V: 28
122,C: 0 T: 3616 P: -400 V: 29
123,C: 0 T: 3627 P: -400 V: 30
124,C: 0 T: 3638 P: -400 V: 21
125,C: 0 T: 3649 P: -400 V: 31
126,C: 0 T: 3660 P: -400 V: 32
127,C: 0 T: 3671 P: -400 V: 32
128,C: 0 T: 3682 P: -400 V: 33
129,C: 0 T: 3693 P: -400 V: 36
130,C: 0 T: 3704 P: -400 V: 30
131,C: 0 T: 3715 P: -400 V: 30
132,C: 0 T: 3726 P: -400 V: 28
133,C: 0 T: 3737 P: -400 V: 34
134,C: 0 T: 3748 P: -400 V: 28
135,C: 0 T: 3759 P: -400 V: 20
136,C: 0 T: 3770 P: -400 V: 23
137,C: 0 T: 3781 P: -400 V: 29
138,C: 0 T: 3792 P: -400 V: 21
139,C: 0 T: 3803 P: -400 V: 30
140,C: 0 T: 3814 P: -400 V: 25
141,C: 0 T: 3825 P: -400 V: 20
142,C: 0 T: 3836 P: -400 V: 31
143,C: 0 T: 3847 P: -400 V: 30
144,C: 0 T: 3858 P: -400 V: 23
145,C: 0 T: 3869 P: -400 V: 34
146,C: 0 T: 3880 P: -400 V: 33
147,C: 0 T: 3891 P: -400 V: 25
148,C: 0 T: 3902 P: -400 V: 39
149,C: 0 T: 3913 P: -400 V: 28
150,C: 0 T: 3924 P: -400 V: 28
151,C: 0 T: 3935 P: -400 V: 39
152,C: 0 T: 3946 P: -400 V: 28
153,C: 0 T: 3957 P: -400 V: 33
154,C: 0 T: 3968 P: -400 V: 29
155,C: 0 T: 3979 P: -400 V: 24
156,C: 0 T: 3990 P: -400 V: 35
157,C: 0 T: 4001 P: -400 V: 29
158,C: 0 T: 4012 P: -400 V: 26
159,C: 0 T: 4023 P: -400 V: 33
160,C: 0 T: 4034 P: -400 V: 32
161,C: 0 T: 4045 P: -400 V: 25
162,C: 0 T: 4056 P: -400 V: 36
163,C: 0 T: 4067 P: -400 V: 33
164,C: 0 T: 4078 P: -397 V: 31
165,C: 0 T: 4089 P: -391 V: 30
166,C: 0 T: 4100 P: -386 V: 29
167,C: 0 T: 4111 P: -380 V: 33
168,C: 0 T: 4122 P: -375 V: 21
169,C: 0 T: 4133 P: -369 V: 30
170,C: 0 T: 4144 P: -364 V: 40
171,C: 0 T: 4155 P: -358 V: 32
172,C: 0 T: 4166 P: -353 V: 26
173,C: 0 T: 4177 P: -347 V: 21
174,C: 0 T: 4188 P: -342 V: 47
175,C: 0 T: 4199 P: -336 V: 36
176,C: 0 T: 4210 P: -331 V: 32
177,C: 0 T: 4221 P: -325 V: 27
178,C: 0 T: 4232 P: -320 V: 33
179,C: 0 T: 4243 P: -314 V: 27
180,C: 0 T: 4254 P: -309 V: 39
181,C: 0 T: 4265 P: -303 V: 27
182,C: 0 T: 4276 P: -298 V: 20
183,C: 0 T: 4287 P: -292 V: 31
184,C: 0 T: 4298 P: -287 V: 32
185,C: 0 T: 4309 P: -281 V: 37
186,C: 0 T: 4320 P: -276 V: 34
187,C: 0 T: 4331 P: -270 V: 26
188,C: 0 T: 4342 P: -265 V: 32
189,C: 0 T: 4353 P: -259 V: 30
190,C: 0 T: 4364 P: -254 V: 35
191,C: 0 T: 4375 P: -248 V: 38
192,C: 0 T: 4386 P: -243 V: 34
193,C: 0 T: 4397 P: -237 V: 29
194,C: 0 T: 4408 P: -232 V: 35
195,C: 0 T: 4419 P: -226 V: 33
196,C: 0 T: 4430 P: -221 V: 28
197,C: 0 T: 4441 P: -215 V: 33
198,C: 0 T: 4452 P: -210 V: 31
199,C: 0 T: 4463 P: -204 V: 28
200,C: 0 T: 4474 P: -199 V: 37
201,C: 0 T: 4485 P: -193 V: 23
202,C: 0 T: 4496 P: -188 V: 30
203,C: 0 T: 4507 P: -182 V: 31
204,C: 0 T: 4518 P: -177 V: 29
205,C: 0 T: 4529 P: -171 V: 30
206,C: 0 T: 4540 P: -166 V: 16
207,C: 0 T: 4551 P: -160 V: 25
208,C: 0 T: 4562 P: -155 V: 29
209,C: 0 T: 4573 P: -149 V: 29
210,C: 0 T: 4584 P: -144 V: 27
211,C: 0 T: 4595 P: -138 V: 35
212,C: 0 T: 4606 P: -133 V: 25
213,C: 0 T: 4617 P: -127 V: 26
214,C: 0 T: 4628 P: -122 V: 34
215,C: 0 T: 4639 P: -116 V: 34
216,C: 0 T: 4650 P: -111 V: 24
217,C: 0 T: 4661 P: -105 V: 26
218,C: 0 T: 4672 P: -100 V: 31
219,C: 0 T: 4683 P: -94 V: 28
220,C: 0 T: 4694 P: -89 V: 21
221,C: 0 T: 4705 P: -83 V: 34
222,C: 0 T: 4716 P: -78 V: 24
223,C: 0 T: 4727 P: -72 V: 30
224,C: 0 T: 4738 P: -67 V: 23
225,C: 0 T: 4749 P: -61 V: 18
226,C: 0 T: 4760 P: -56 V: 25
227,C: 0 T: 4771 P: -50 V: 18
228,C: 0 T: 4782 P: -45 V: 11
229,C: 0 T: 4793 P: -39 V: 18
230,C: 0 T: 4804 P: -34 V: 18
231,C: 0 T: 4815 P: -28 V: 23
232,C: 0 T: 4826 P: -23 V: 26
233,C: 0 T: 4837 P: -17 V: 21
234,C: 0 T: 4848 P: -12 V: 20
235,C: 0 T: 4859 P: -6 V: 19
236,C: 0 T: 4870 P: -1 V: 17
237,C: 0 T: 4881 P: 5 V: 28
238,C: 0 T: 4892 P: 10 V: 12
239,C: 0 T: 4903 P: 16 V: 12
240,C: 0 T: 4914 P: 21 V: 16
241,C: 0 T: 4925 P: 27 V: 8
242,C: 0 T: 4936 P: 32 V: 12
243,C: 0 T: 4947 P: 38 V: 16
244,C: 0 T: 4958 P: 43 V: 21
245,C: 0 T: 4969 P: 49 V: 20
246,C: 0 T: 4980 P: 54 V: 13
247,C: 0 T: 4991 P: 60 V: 26
248,C: 0 T: 5002 P: 65 V: 8
249,C: 0 T: 5013 P: 71 V: 11
250,C: 0 T: 5024 P: 76 V: 20
251,C: 0 T: 5035 P: 82 V: 23
252,C: 0 T: 5046 P: 87 V: 20
253,C: 0 T: 5057 P: 93 V: 19
254,C: 0 T: 5068 P: 98 V: 13
255,C: 0 T: 5079 P: 104 V: 11
256,C: 0 T: 5090 P: 109 V: 15
257,C: 0 T: 5101 P: 115 V: 22
258,C: 0 T: 5112 P: 120 V: 17
259,C: 0 T: 5123 P: 126 V: 15
260,C: 0 T: 5134 P: 131 V: 19
261,C: 0 T: 5145 P: 137 V: 13
262,C: 0 T: 5156 P: 142 V: 25
263,C: 0 T: 5167 P: 148 V: 19
264,C: 0 T: 5178 P: 153 V: 14
265,C: 0 T: 5189 P: 159 V: 18
266,C: 0 T: 5200 P: 164 V: 16
267,C: 0 T: 5211 P: 170 V: 10
268,C: 0 T: 5222 P: 175 V: 22
269,C: 0 T: 5233 P: 181 V: 18
270,C: 0 T: 5244 P: 186 V: 11
271,C: 0 T: 5255 P: 192 V: 16
272,C: 0 T: 5266 P: 197 V: 22
273,C: 0 T: 5277 P: 203 V: 20
274,C: 0 T: 5288 P: 208 V: 16
275,C: 0 T: 5299 P: 214 V: 14
276,C: 0 T: 5310 P: 219 V: 14
277,C: 0 T: 5321 P: 225 V: 17
278,C: 0 T: 5332 P: 230 V: 17
279,C: 0 T: 5343 P: 236 V: 28
280,C: 0 T: 5354 P: 241 V: 23
281,C: 0 T: 5365 P: 247 V: 30
282,C: 0 T: 5376 P: 252 V: 15
283,C: 0 T: 5387 P: 258 V: 9
284,C: 0 T: 5398 P: 263 V: 17
285,C: 0 T: 5409 P: 269 V: 16
286,C: 0 T: 5420 P: 274 V: 16
287,C: 0 T: 5431 P: 280 V: 10
288,C: 0 T: 5442 P: 285 V: 21
289,C: 0 T: 5453 P: 291 V: 15
290,C: 0 T: 5464 P: 296 V: 25
291,C: 0 T: 5475 P: 302 V: 29
292,C: 0 T: 5486 P: 307 V: 12
293,C: 0 T: 5497 P: 313 V: 14
294,C: 0 T: 5508 P: 318 V: 15
295,C: 0 T: 5519 P: 324 V: 17
296,C: 0 T: 5530 P: 329 V: 16
297,C: 0 T: 5541 P: 335 V: 29
298,C: 0 T: 5552 P: 340 V: 20
299,C: 0 T: 5563 P: 346 V: 16
300,C: 0 T: 5574 P: 351 V: 20
301,C: 0 T: 5585 P: 357 V: 29
302,C: 0 T: 5596 P: 362 V: 20
303,C: 0 T: 5607 P: 368 V: 12
304,C: 0 T: 5618 P: 373 V: 11
305,C: 0 T: 5629 P: 379 V: 13
306,C: 0 T: 5640 P: 384 V: 25
307,C: 0 T: 5651 P: 390 V: 9
308,C: 0 T: 5662 P: 395 V: 13
309,C: 0 T: 5673 P: 400 V: 15
310,C: 0 T: 5684 P: 400 V: 17
311,C: 0 T: 5695 P: 400 V: 20
312,C: 0 T: 5706 P: 400 V: 36
313,C: 0 T: 5717 P: 400 V: 18
314,C: 0 T: 5728 P: 400 V: 19
315,C: 0 T: 5739 P: 400 V: 25
316,C: 0 T: 5750 P: 400 V: 20
317,C: 0 T: 5761 P: 400 V: 31
318,C: 0 T: 5772 P: 400 V: 15
319,C: 0 T: 5783 P: 400 V: 25
320,C: 0 T: 5794 P: 400 V: 18
321,C: 0 T: 5805 P: 400 V: 16
322,C: 0 T: 5816 P: 400 V: 30
323,C: 0 T: 5827 P: 400 V: 14
324,C: 0 T: 5838 P: 400 V: 25
325,C: 0 T: 5849 P: 400 V: 27
326,C: 0 T: 5860 P: 400 V: 27
327,C: 0 T: 5871 P: 400 V: 22
328,C: 0 T: 5882 P: 400 V: 15
329,C: 0 T: 5893 P: 400 V: 31
330,C: 0 T: 5904 P: 400 V: 17
331,C: 0 T: 5915 P: 400 V: 30
332,C: 0 T: 5926 P: 400 V: 24
333,C: 0 T: 5937 P: 400 V: 20
334,C: 0 T: 5948 P: 400 V: 24
335,C: 0 T: 5959 P: 400 V: 15
336,C: 0 T: 5970 P: 400 V: 24
337,C: 0 T: 5981 P: 400 V: 26
338,C: 0 T: 5992 P: 400 V: 16
339,C: 0 T: 6003 P: 400 V: 20
340,C: 0 T: 6014 P: 400 V: 22
341,C: 0 T: 6025 P: 400 V: 33
342,C: 0 T: 6036 P: 400 V: 21
343,C: 0 T: 6047 P: 400 V: 21
344,C: 0 T: 6058 P: 400 V: 23
345,C: 0 T: 6069 P: 400 V: 21
346,C: 0 T: 6080 P: 400 V: 19
347,C: 0 T: 6091 P: 400 V: 33
348,C: 0 T: 6102 P: 400 V: 13
349,C: 0 T: 6113 P: 400 V: 23
350,C: 0 T: 6124 P: 400 V: 17
351,C: 0 T: 6135 P: 400 V: 18
352,C: 0 T: 6146 P: 400 V: 31
353,C: 0 T: 6157 P: 400 V: 21
354,C: 0 T: 6168 P: 400 V: 30
355,C: 0 T: 6179 P: 400 V: 23
356,C: 0 T: 6190 P: 400 V: 22
357,C: 0 T: 6201 P: 400 V: 15
358,C: 0 T: 6212 P: 400 V: 24
359,C: 0 T: 6223 P: 400 V: 13
360,C: 0 T: 6234 P: 400 V: 28
361,C: 0 T: 6245 P: 400 V: 16
362,C: 0 T: 6256 P: 400 V: 28
363,C: 0 T: 6267 P: 400 V: 23
364,C: 0 T: 6278 P: 400 V: 28
365,C: 0 T: 6289 P: 400 V: 17
366,C: 0 T: 6300 P: 400 V: 31
367,C: 0 T: 6311 P: 400 V: 19
368,C: 0 T: 6322 P: 400 V: 26
369,C: 0 T: 6333 P: 400 V: 24
370,C: 0 T: 6344 P: 400 V: 18
371,C: 0 T: 6355 P: 400 V: 25
372,C: 0 T: 6366 P: 400 V: 12
373,C: 0 T: 6377 P: 400 V: 30
374,C: 0 T: 6388 P: 400 V: 14
375,C: 0 T: 6399 P: 400 V: 21
376,C: 0 T: 6410 P: 400 V: 29
377,C: 0 T: 6421 P: 400 V: 21
378,C: 0 T: 6432 P: 400 V: 16
379,C: 0 T: 6443 P: 400 V: 30
380,C: 0 T: 6454 P: 400 V: 20
381,C: 0 T: 6465 P: 400 V: 30
382,C: 0 T: 6476 P: 400 V: 18
383,C: 0 T: 6487 P: 400 V: 29
384,C: 0 T: 6498 P: 400 V: 13
385,C: 0 T: 6509 P: 400 V: 21
386,C: 0 T: 6520 P: 400 V: 26
387,C: 0 T: 6531 P: 400 V: 21
388,C: 0 T: 6542 P: 400 V: 14
389,C: 0 T: 6553 P: 400 V: 16
390,C: 0 T: 6564 P: 400 V: 23
391,C: 0 T: 6575 P: 400 V: 28
392,C: 0 T: 6586 P: 400 V: 25
393,C: 0 T: 6597 P: 400 V: 24
394,C: 0 T: 6608 P: 400 V: 21
395,C: 0 T: 6619 P: 400 V: 24
396,C: 0 T: 6630 P: 400 V: 19
397,C: 0 T: 6641 P: 400 V: 28
398,C: 0 T: 6652 P: 400 V: 19
399,C: 0 T: 6663 P: 400 V: 23
400,C: 1 T: 6674 P: 397 V: 22
401,C: 1 T: 6685 P: 392 V: 28
402,C: 1 T: 6696 P: 386 V: 33
403,C: 1 T: 6707 P: 381 V: 26
404,C: 1 T: 6718 P: 375 V: 26
405,C: 1 T: 6729 P: 370 V: 18
406,C: 1 T: 6740 P: 364 V: 33
407,C: 1 T: 6751 P: 359 V: 14
408,C: 1 T: 6762 P: 354 V: 27
409,C: 1 T: 6773 P: 348 V: 22
410,C: 1 T: 6784 P: 343 V: 17
411,C: 1 T: 6795 P: 337 V: 38
412,C: 1 T: 6806 P: 332 V: 21
413,C: 1 T: 6817 P: 326 V: 15
414,C: 1 T: 6828 P: 321 V: 20
415,C: 1 T: 6839 P: 315 V: 18
416,C: 1 T: 6850 P: 310 V: 20
417,C: 1 T: 6861 P: 304 V: 29
418,C: 1 T: 6872 P: 299 V: 17
419,C: 1 T: 6883 P: 293 V: 25
420,C: 1 T: 6894 P: 288 V: 23
421,C: 1 T: 6905 P: 282 V: 23
422,C: 1 T: 6916 P: 277 V: 19
423,C: 1 T: 6927 P: 271 V: 34
424,C: 1 T: 6938 P: 266 V: 11
425,C: 1 T: 6949 P: 260 V: 17
426,C: 1 T: 6960 P: 255 V: 22
427,C: 1 T: 6971 P: 249 V: 16
428,C: 1 T: 6982 P: 244 V: 14
429,C: 1 T: 6993 P: 238 V: 13
430,C: 1 T: 7004 P: 233 V: 32
431,C: 1 T: 7015 P: 227 V: 35
432,C: 1 T: 7026 P: 222 V: 15
433,C: 1 T: 7037 P: 216 V: 18
434,C: 1 T: 7048 P: 211 V: 14
435,C: 1 T: 7059 P: 205 V: 24
436,C: 1 T: 7070 P: 200 V: 19
437,C: 1 T: 7081 P: 194 V: 24
438,C: 1 T: 7092 P: 189 V: 13
439,C: 1 T: 7103 P: 183 V: 15
440,C: 1 T: 7114 P: 178 V: 19
441,C: 1 T: 7125 P: 172 V: 17
442,C: 1 T: 7136 P: 167 V: 19
443,C: 1 T: 7147 P: 161 V: 19
444,C: 1 T: 7158 P: 156 V: 22
445,C: 1 T: 7169 P: 150 V: 28
446,C: 1 T: 7180 P: 145 V: 28
447,C: 1 T: 7191 P: 139 V: 17
448,C: 1 T: 7202 P: 134 V: 21
449,C: 1 T: 7213 P: 128 V: 22
450,C: 1 T: 7224 P: 123 V: 12
451,C: 1 T: 7235 P: 117 V: 16
452,C: 1 T: 7246 P: 112 V: 13
453,C: 1 T: 7257 P: 106 V: 19
454,C: 1 T: 7268 P: 101 V: 14
455,C: 1 T: 7279 P: 95 V: 22
456,C: 1 T: 7290 P: 90 V: 10
457,C: 1 T: 7301 P: 84 V: 14
458,C: 1 T: 7312 P: 79 V: 15
459,C: 1 T: 7323 P: 73 V: 14
460,C: 1 T: 7334 P: 68 V: 15
461,C: 1 T: 7345 P: 62 V: 10
462,C: 1 T: 7356 P: 57 V: 10
463,C: 1 T: 7367 P: 51 V: 23
464,C: 1 T: 7378 P: 46 V: 17
465,C: 1 T: 7389 P: 40 V: 20
466,C: 1 T: 7400 P: 35 V: 9
467,C: 1 T: 7411 P: 29 V: 11
468,C: 1 T: 7422 P: 24 V: 12
469,C: 1 T: 7433 P: 18 V: 18
470,C: 1 T: 7444 P: 13 V: 11
471,C: 1 T: 7455 P: 7 V: 12
472,C: 1 T: 7466 P: 2 V: 14
473,C: 1 T: 7477 P: -4 V: 10
474,C: 1 T: 7488 P: -9 V: 16
475,C: 1 T: 7499 P: -15 V: 20
476,C: 1 T: 7510 P: -20 V: 9
477,C: 1 T: 7521 P: -26 V: 24
478,C: 1 T: 7532 P: -31 V: 20
479,C: 1 T: 7543 P: -37 V: 24
480,C: 1 T: 7554 P: -42 V: 14
481,C: 1 T: 7565 P: -48 V: 18
482,C: 1 T: 7576 P: -53 V: 16
483,C: 1 T: 7587 P: -59 V: 13
484,C: 1 T: 7598 P: -64 V: 19
485,C: 1 T: 7609 P: -70 V: 9
486,C: 1 T: 7620 P: -75 V: 18
487,C: 1 T: 7631 P: -81 V: 13
488,C: 1 T: 7642 P: -86 V: 18
489,C: 1 T: 7653 P: -92 V: 11
490,C: 1 T: 7664 P: -97 V: 11
491,C: 1 T: 7675 P: -103 V: 21
492,C: 1 T: 7686 P: -108 V: 17
493,C: 1 T: 7697 P: -114 V: 23
494,C: 1 T: 7708 P: -119 V: 23
495,C: 1 T: 7719 P: -125 V: 26
496,C: 1 T: 7730 P: -130 V: 17
497,C: 1 T: 7741 P: -136 V: 23
498,C: 1 T: 7752 P: -141 V: 27
499,C: 1 T: 7763 P: -147 V: 16
500,C: 1 T: 7774 P: -152 V: 15
501,C: 1 T: 7785 P: -158 V: 19
502,C: 1 T: 7796 P: -163 V: 23
503,C: 1 T: 7807 P: -169 V: 18
504,C: 1 T: 7818 P: -174 V: 34
505,C: 1 T: 7829 P: -180 V: 24
506,C: 1 T: 7840 P: -185 V: 14
507,C: 1 T: 7851 P: -191 V: 21
508,C: 1 T: 7862 P: -196 V: 23
509,C: 1 T: 7873 P: -202 V: 19
510,C: 1 T: 7884 P: -207 V: 28
511,C: 1 T: 7895 P: -213 V: 25
512,C: 1 T: 7906 P: -218 V: 22
513,C: 1 T: 7917 P: -224 V: 17
514,C: 1 T: 7928 P: -229 V: 23
515,C: 1 T: 7939 P: -235 V: 27
516,C: 1 T: 7950 P: -240 V: 30
517,C: 1 T: 7961 P: -246 V: 26
518,C: 1 T: 7972 P: -251 V: 31
519,C: 1 T: 7983 P: -257 V: 23
520,C: 1 T: 7994 P: -262 V: 37
521,C: 1 T: 8005 P: -268 V: 28
522,C: 1 T: 8016 P: -273 V: 27
523,C: 1 T: 8027 P: -279 V: 22
524,C: 1 T: 8038 P: -284 V: 26
525,C: 1 T: 8049 P: -290 V: 22
526,C: 1 T: 8060 P: -295 V: 19
527,C: 1 T: 8071 P: -301 V: 33
528,C: 1 T: 8082 P: -306 V: 34
529,C: 1 T: 8093 P: -312 V: 27
530,C: 1 T: 8104 P: -317 V: 22
531,C: 1 T: 8115 P: -323 V: 26
532,C: 1 T: 8126 P: -328 V: 38
533,C: 1 T: 8137 P: -334 V: 18
534,C: 1 T: 8148 P: -339 V: 33
535,C: 1 T: 8159 P: -345 V: 26
536,C: 1 T: 8170 P: -350 V: 17
537,C: 1 T: 8181 P: -356 V: 24
538,C: 1 T: 8192 P: -361 V: 29
539,C: 1 T: 8203 P: -367 V: 40
540,C: 1 T: 8214 P: -372 V: 26
541,C: 1 T: 8225 P: -378 V: 29
542,C: 1 T: 8236 P: -383 V: 28
543,C: 1 T: 8247 P: -389 V: 31
544,C: 1 T: 8258 P: -394 V: 29
545,C: 1 T: 8269 P: -400 V: 24
546,C: 1 T: 8280 P: -400 V: 36
547,C: 1 T: 8291 P: -400 V: 28
548,C: 1 T: 8302 P: -400 V: 32
549,C: 1 T: 8313 P: -400 V: 33
550,C: 1 T: 8324 P: -400 V: 21
551,C: 1 T: 8335 P: -400 V: 18
552,C: 1 T: 8346 P: -400 V: 32
553,C: 1 T: 8357 P: -400 V: 30
554,C: 1 T: 8368 P: -400 V: 38
555,C: 1 T: 8379 P: -400 V: 18
556,C: 1 T: 8390 P: -400 V: 32
557,C: 1 T: 8401 P: -400 V: 33
558,C: 1 T: 8412 P: -400 V: 33
559,C: 1 T: 8423 P: -400 V: 26
560,C: 1 T: 8434 P: -400 V: 32
561,C: 1 T: 8445 P: -400 V: 30
562,C: 1 T: 8456 P: -400 V: 34
563,C: 1 T: 8467 P: -400 V: 38
564,C: 1 T: 8478 P: -400 V: 28
565,C: 1 T: 8489 P: -400 V: 30
566,C: 1 T: 8500 P: -400 V: 38
567,C: 1 T: 8511 P: -400 V: 38
568,C: 1 T: 8522 P: -400 V: 22
569,C: 1 T: 8533 P: -400 V: 33
570,C: 1 T: 8544 P: -400 V: 40
571,C: 1 T: 8555 P: -400 V: 25
572,C: 1 T: 8566 P: -400 V: 24
573,C: 1 T: 8577 P: -400 V: 38
574,C: 1 T: 8588 P: -400 V: 42
575,C: 1 T: 8599 P: -400 V: 23
576,C: 1 T: 8610 P: -400 V: 27
577,C: 1 T: 8621 P: -400 V: 29
578,C: 1 T: 8632 P: -400 V: 36
579,C: 1 T: 8643 P: -400 V: 21
580,C: 1 T: 8654 P: -400 V: 31
581,C: 1 T: 8665 P: -400 V: 39
582,C: 1 T: 8676 P: -400 V: 27
583,C: 1 T: 8687 P: -400 V: 30
584,C: 1 T: 8698 P: -400 V: 49
585,C: 1 T: 8709 P: -400 V: 27
586,C: 1 T: 8720 P: -400 V: 26
587,C: 1 T: 8731 P: -400 V: 32
588,C: 1 T: 8742 P: -400 V: 32
589,C: 1 T: 8753 P: -400 V: 26
590,C: 1 T: 8764 P: -400 V: 38
591,C: 1 T: 8775 P: -400 V: 24
592,C: 1 T: 8786 P: -400 V: 38
593,C: 1 T: 8797 P: -400 V: 32
594,C: 1 T: 8808 P: -400 V: 22
595,C: 1 T: 8819 P: -400 V: 31
596,C: 1 T: 8830 P: -400 V: 28
597,C: 1 T: 8841 P: -400 V: 24
598,C: 1 T: 8852 P: -400 V: 23
599,C: 1 T: 8863 P: -400 V: 30
600,C: 1 T: 8874 P: -400 V: 23
601,C: 1 T: 8885 P: -400 V: 27
602,C: 1 T: 8896 P: -400 V: 30
603,C: 1 T: 8907 P: -400 V: 27
604,C: 1 T: 8918 P: -400 V: 32
605,C: 1 T: 8929 P: -400 V: 24
606,C: 1 T: 8940 P: -400 V: 26
607,C: 1 T: 8951 P: -400 V: 40
608,C: 1 T: 8962 P: -400 V: 15
609,C: 1 T: 8973 P: -400 V: 39
610,C: 1 T: 8984 P: -400 V: 35
611,C: 1 T: 8995 P: -400 V: 20
612,C: 1 T: 9006 P: -400 V: 37
613,C: 1 T: 9017 P: -400 V: 25
614,C: 1 T: 9028 P: -400 V: 28
615,C: 1 T: 9039 P: -400 V: 31
616,C: 1 T: 9050 P: -400 V: 35
617,C: 1 T: 9061 P: -400 V: 31
618,C: 1 T: 9072 P: -400 V: 37
619,C: 1 T: 9083 P: -400 V: 26
620,C: 1 T: 9094 P: -400 V: 31
621,C: 1 T: 9105 P: -400 V: 43
622,C: 1 T: 9116 P: -400 V: 24
623,C: 1 T: 9127 P: -400 V: 22
624,C: 1 T: 9138 P: -400 V: 34
625,C: 1 T: 9149 P: -400 V: 28
626,C: 1 T: 9160 P: -400 V: 28
627,C: 1 T: 9171 P: -400 V: 36
628,C: 1 T: 9182 P: -400 V: 26
629,C: 1 T: 9193 P: -400 V: 36
630,C: 1 T: 9204 P: -400 V: 21
631,C: 1 T: 9215 P: -400 V: 41
632,C: 1 T: 9226 P: -400 V: 35
633,C: 1 T: 9237 P: -400 V: 27
634,C: 1 T: 9248 P: -400 V: 34
635,C: 1 T: 9259 P: -400 V: 14
636,C: 1 T: 9270 P: -398 V: 37
637,C: 1 T: 9281 P: -393 V: 26
638,C: 1 T: 9292 P: -387 V: 27
639,C: 1 T: 9303 P: -382 V: 30
640,C: 1 T: 9314 P: -376 V: 21
641,C: 1 T: 9325 P: -371 V: 44
642,C: 1 T: 9336 P: -366 V: 24
643,C: 1 T: 9347 P: -360 V: 28
644,C: 1 T: 9358 P: -355 V: 32
645,C: 1 T: 9369 P: -349 V: 32
646,C: 1 T: 9380 P: -344 V: 29
647,C: 1 T: 9391 P: -338 V: 35
648,C: 1 T: 9402 P: -333 V: 24
649,C: 1 T: 9413 P: -327 V: 32
650,C: 1 T: 9424 P: -322 V: 30
651,C: 1 T: 9435 P: -316 V: 28
652,C: 1 T: 9446 P: -311 V: 30
653,C: 1 T: 9457 P: -305 V: 26
654,C: 1 T: 9468 P: -300 V: 28
655,C: 1 T: 9479 P: -294 V: 17
656,C: 1 T: 9490 P: -289 V: 30
657,C: 1 T: 9501 P: -283 V: 36
658,C: 1 T: 9512 P: -278 V: 29
659,C: 1 T: 9523 P: -272 V: 28
660,C: 1 T: 9534 P: -267 V: 37
661,C: 1 T: 9545 P: -261 V: 21
662,C: 1 T: 9556 P: -256 V: 37
663,C: 1 T: 9567 P: -250 V: 45
664,C: 1 T: 9578 P: -245 V: 34
665,C: 1 T: 9589 P: -239 V: 23
666,C: 1 T: 9600 P: -234 V: 28
667,C: 1 T: 9611 P: -228 V: 29
668,C: 1 T: 9622 P: -223 V: 35
669,C: 1 T: 9633 P: -217 V: 35
670,C: 1 T: 9644 P: -212 V: 29
671,C: 1 T: 9655 P: -206 V: 37
672,C: 1 T: 9666 P: -201 V: 29
673,C: 1 T: 9677 P: -195 V: 34
674,C: 1 T: 9688 P: -190 V: 32
675,C: 1 T: 9699 P: -184 V: 36
676,C: 1 T: 9710 P: -179 V: 22
677,C: 1 T: 9721 P: -173 V: 30
678,C: 1 T: 9732 P: -168 V: 23
679,C: 1 T: 9743 P: -162 V: 36
680,C: 1 T: 9754 P: -157 V: 36
681,C: 1 T: 9765 P: -151 V: 36
682,C: 1 T: 9776 P: -146 V: 34
683,C: 1 T: 9787 P: -140 V: 25
684,C: 1 T: 9798 P: -135 V: 21
685,C: 1 T: 9809 P: -129 V: 19
686,C: 1 T: 9820 P: -124 V: 22
687,C: 1 T: 9831 P: -118 V: 25
688,C: 1 T: 9842 P: -113 V: 37
689,C: 1 T: 9853 P: -107 V: 22
690,C: 1 T: 9864 P: -102 V: 34
691,C: 1 T: 9875 P: -96 V: 28
692,C: 1 T: 9886 P: -91 V: 32
693,C: 1 T: 9897 P: -85 V: 32
694,C: 1 T: 9908 P: -80 V: 20
695,C: 1 T: 9919 P: -74 V: 36
696,C: 1 T: 9930 P: -69 V: 30
697,C: 1 T: 9941 P: -63 V: 24
698,C: 1 T: 9952 P: -58 V: 14
699,C: 1 T: 9963 P: -52 V: 22
700,C: 1 T: 9974 P: -47 V: 16
701,C: 1 T: 9985 P: -41 V: 15
702,C: 1 T: 9996 P: -36 V: 18
703,C: 1 T: 10007 P: -30 V: 22
704,C: 1 T: 10018 P: -25 V: 26
705,C: 1 T: 10029 P: -19 V: 22
706,C: 1 T: 10040 P: -14 V: 23
707,C: 1 T: 10051 P: -8 V: 21
708,C: 1 T: 10062 P: -3 V: 13
709,C: 1 T: 10073 P: 3 V: 14
710,C: 1 T: 10084 P: 8 V: 18
711,C: 1 T: 10095 P: 14 V: 17
712,C: 1 T: 10106 P: 19 V: 19
713,C: 1 T: 10117 P: 25 V: 16
714,C: 1 T: 10128 P: 30 V: 18
715,C: 1 T: 10139 P: 36 V: 15
716,C: 1 T: 10150 P: 41 V: 20
717,C: 1 T: 10161 P: 47 V: 25
718,C: 1 T: 10172 P: 52 V: 12
719,C: 1 T: 10183 P: 58 V: 10
720,C: 1 T: 10194 P: 63 V: 11
721,C: 1 T: 10205 P: 69 V: 10
722,C: 1 T: 10216 P: 74 V: 23
723,C: 1 T: 10227 P: 80 V: 31
724,C: 1 T: 10238 P: 85 V: 14
725,C: 1 T: 10249 P: 91 V: 16
726,C: 1 T: 10260 P: 96 V: 12
727,C: 1 T: 10271 P: 102 V: 15
728,C: 1 T: 10282 P: 107 V: 9
729,C: 1 T: 10293 P: 113 V: 15
730,C: 1 T: 10304 P: 118 V: 13
731,C: 1 T: 10315 P: 124 V: 21
732,C: 1 T: 10326 P: 129 V: 12
733,C: 1 T: 10337 P: 135 V: 15
734,C: 1 T: 10348 P: 140 V: 14
735,C: 1 T: 10359 P: 146 V: 16
736,C: 1 T: 10370 P: 151 V: 13
737,C: 1 T: 10381 P: 157 V: 12
738,C: 1 T: 10392 P: 162 V: 13
739,C: 1 T: 10403 P: 168 V: 10
740,C: 1 T: 10414 P: 173 V: 22
741,C: 1 T: 10425 P: 179 V: 23
742,C: 1 T: 10436 P: 184 V: 18
743,C: 1 T: 10447 P: 190 V: 15
744,C: 1 T: 10458 P: 195 V: 14
745,C: 1 T: 10469 P: 201 V: 10
746,C: 1 T: 10480 P: 206 V: 16
747,C: 1 T: 10491 P: 212 V: 21
748,C: 1 T: 10502 P: 217 V: 11
749,C: 1 T: 10513 P: 223 V: 18
750,C: 1 T: 10524 P: 228 V: 15
751,C: 1 T: 10535 P: 234 V: 10
752,C: 1 T: 10546 P: 239 V: 9
753,C: 1 T: 10557 P: 245 V: 20
754,C: 1 T: 10568 P: 250 V: 20
755,C: 1 T: 10579 P: 256 V: 17
756,C: 1 T: 10590 P: 261 V: 15
757,C: 1 T: 10601 P: 267 V: 12
758,C: 1 T: 10612 P: 272 V: 11
759,C: 1 T: 10623 P: 278 V: 6
760,C: 1 T: 10634 P: 283 V: 20
761,C: 1 T: 10645 P: 289 V: 13
762,C: 1 T: 10656 P: 294 V: 13
763,C: 1 T: 10667 P: 300 V: 15
764,C: 1 T: 10678 P: 305 V: 18
765,C: 1 T: 10689 P: 311 V: 16
766,C: 1 T: 10700 P: 316 V: 15
767,C: 1 T: 10711 P: 322 V: 13
768,C: 1 T: 10722 P: 327 V: 20
769,C: 1 T: 10733 P: 333 V: 28
770,C: 1 T: 10744 P: 338 V: 23
771,C: 1 T: 10755 P: 344 V: 31
772,C: 1 T: 10766 P: 349 V: 34
773,C: 1 T: 10777 P: 355 V: 17
774,C: 1 T: 10788 P: 360 V: 19
775,C: 1 T: 10799 P: 366 V: 21
776,C: 1 T: 10810 P: 371 V: 16
777,C: 1 T: 10821 P: 377 V: 23
778,C: 1 T: 10832 P: 382 V: 13
779,C: 1 T: 10843 P: 388 V: 17
780,C: 1 T: 10854 P: 393 V: 21
781,C: 1 T: 10865 P: 399 V: 15
782,C: 1 T: 10876 P: 400 V: 13
783,C: 1 T: 10887 P: 400 V: 32
784,C: 1 T: 10898 P: 400 V: 14
785,C: 1 T: 10909 P: 400 V: 32
786,C: 1 T: 10920 P: 400 V: 21
787,C: 1 T: 10931 P: 400 V: 16
788,C: 1 T: 10942 P: 400 V: 17
789,C: 1 T: 10953 P: 400 V: 16
790,C: 1 T: 10964 P: 400 V: 22
791,C: 1 T: 10975 P: 400 V: 23
792,C: 1 T: 10986 P: 400 V: 18
793,C: 1 T: 10997 P: 400 V: 23
794,C: 1 T: 11008 P: 400 V: 21
795,C: 1 T: 11019 P: 400 V: 21
796,C: 1 T: 11030 P: 400 V: 12
797,C: 1 T: 11041 P: 400 V: 20
798,C: 1 T: 11052 P: 400 V: 30
799,C: 1 T: 11063 P: 400 V: 15
800,C: 1 T: 11074 P: 400 V: 18
801,C: 1 T: 11085 P: 400 V: 17
802,C: 1 T: 11096 P: 400 V: 20
803,C: 1 T: 11107 P: 400 V: 14
804,C: 1 T: 11118 P: 400 V: 22
805,C: 1 T: 11129 P: 400 V: 27
806,C: 1 T: 11140 P: 400 V: 17
807,C: 1 T: 11151 P: 400 V: 31
808,C: 1 T: 11162 P: 400 V: 26
809,C: 1 T: 11173 P: 400 V: 25
810,C: 1 T: 11184 P: 400 V: 12
811,C: 1 T: 11195 P: 400 V: 22
812,C: 1 T: 11206 P: 400 V: 30
813,C: 1 T: 11217 P: 400 V: 17
814,C: 1 T: 11228 P: 400 V: 28
815,C: 1 T: 11239 P: 400 V: 17
816,C: 1 T: 11250 P: 400 V: 22
817,C: 1 T: 11261 P: 400 V: 21
818,C: 1 T: 11272 P: 400 V: 24
819,C: 1 T: 11283 P: 400 V: 20
820,C: 1 T: 11294 P: 400 V: 17
821,C: 1 T: 11305 P: 400 V: 19
822,C: 1 T: 11316 P: 400 V: 24
823,C: 1 T: 11327 P: 400 V: 17
824,C: 1 T: 11338 P: 400 V: 32
825,C: 1 T: 11349 P: 400 V: 19
826,C: 1 T: 11360 P: 400 V: 24
827,C: 1 T: 11371 P: 400 V: 26
828,C: 1 T: 11382 P: 400 V: 22
829,C: 1 T: 11393 P: 400 V: 38
830,C: 1 T: 11404 P: 400 V: 37
831,C: 1 T: 11415 P: 400 V: 17
832,C: 1 T: 11426 P: 400 V: 22
833,C: 1 T: 11437 P: 400 V: 21
834,C: 1 T: 11448 P: 400 V: 15
835,C: 1 T: 11459 P: 400 V: 22
836,C: 1 T: 11470 P: 400 V: 22
837,C: 1 T: 11481 P: 400 V: 19
838,C: 1 T: 11492 P: 400 V: 35
839,C: 1 T: 11503 P: 400 V: 17
840,C: 1 T: 11514 P: 400 V: 24
841,C: 1 T: 11525 P: 400 V: 18
842,C: 1 T: 11536 P: 400 V: 21
843,C: 1 T: 11547 P: 400 V: 23
844,C: 1 T: 11558 P: 400 V: 26
845,C: 1 T: 11569 P: 400 V: 22
846,C: 1 T: 11580 P: 400 V: 28
847,C: 1 T: 11591 P: 400 V: 19
848,C: 1 T: 11602 P: 400 V: 26
849,C: 1 T: 11613 P: 400 V: 27
850,C: 1 T: 11624 P: 400 V: 17
851,C: 1 T: 11635 P: 400 V: 22
852,C: 1 T: 11646 P: 400 V: 24
853,C: 1 T: 11657 P: 400 V: 14
854,C: 1 T: 11668 P: 400 V: 20
855,C: 1 T: 11679 P: 400 V: 27
856,C: 1 T: 11690 P: 400 V: 13
857,C: 1 T: 11701 P: 400 V: 25
858,C: 1 T: 11712 P: 400 V: 13
859,C: 1 T: 11723 P: 400 V: 25
860,C: 1 T: 11734 P: 400 V: 22
861,C: 1 T: 11745 P: 400 V: 20
862,C: 1 T: 11756 P: 400 V: 24
863,C: 1 T: 11767 P: 400 V: 14
864,C: 1 T: 11778 P: 400 V: 22
865,C: 1 T: 11789 P: 400 V: 34
866,C: 1 T: 11800 P: 400 V: 15
867,C: 1 T: 11811 P: 400 V: 19
868,C: 1 T: 11822 P: 400 V: 19
869,C: 1 T: 11833 P: 400 V: 12
870,C: 1 T: 11844 P: 400 V: 26
871,C: 1 T: 11855 P: 400 V: 18
872,C: 1 T: 11866 P: 400 V: 19
873,C: 2 T: 11877 P: 394 V: 35
874,C: 2 T: 11888 P: 389 V: 24
875,C: 2 T: 11899 P: 383 V: 20
876,C: 2 T: 11910 P: 378 V: 24
877,C: 2 T: 11921 P: 372 V: 28
878,C: 2 T: 11932 P: 367 V: 23
879,C: 2 T: 11943 P: 361 V: 29
880,C: 2 T: 11954 P: 356 V: 23
881,C: 2 T: 11965 P: 350 V: 43
882,C: 2 T: 11976 P: 345 V: 17
883,C: 2 T: 11987 P: 339 V: 30
884,C: 2 T: 11998 P: 334 V: 12
885,C: 2 T: 12009 P: 328 V: 20
886,C: 2 T: 12020 P: 323 V: 35
887,C: 2 T: 12031 P: 317 V: 15
888,C: 2 T: 12042 P: 312 V: 27
889,C: 2 T: 12053 P: 306 V: 25
890,C: 2 T: 12064 P: 301 V: 31
891,C: 2 T: 12075 P: 295 V: 25
892,C: 2 T: 12086 P: 290 V: 15
893,C: 2 T: 12097 P: 284 V: 22
894,C: 2 T: 12108 P: 279 V: 21
895,C: 2 T: 12119 P: 273 V: 25
896,C: 2 T: 12130 P: 268 V: 14
897,C: 2 T: 12141 P: 262 V: 15
898,C: 2 T: 12152 P: 257 V: 16
899,C: 2 T: 12163 P: 251 V: 16
900,C: 2 T: 12174 P: 246 V: 16
901,C: 2 T: 12185 P: 240 V: 18
902,C: 2 T: 12196 P: 235 V: 19
903,C: 2 T: 12207 P: 229 V: 21
904,C: 2 T: 12218 P: 224 V: 21
905,C: 2 T: 12229 P: 218 V: 11
906,C: 2 T: 12240 P: 213 V: 13
907,C: 2 T: 12251 P: 207 V: 29
908,C: 2 T: 12262 P: 202 V: 22
909,C: 2 T: 12273 P: 196 V: 22
910,C: 2 T: 12284 P: 191 V: 18
911,C: 2 T: 12295 P: 185 V: 26
912,C: 2 T: 12306 P: 180 V: 20
913,C: 2 T: 12317 P: 174 V: 20
914,C: 2 T: 12328 P: 169 V: 19
915,C: 2 T: 12339 P: 163 V: 19
916,C: 2 T: 12350 P: 158 V: 26
917,C: 2 T: 12361 P: 152 V: 17
918,C: 2 T: 12372 P: 147 V: 16
919,C: 2 T: 12383 P: 141 V: 26
920,C: 2 T: 12394 P: 136 V: 13
921,C: 2 T: 12405 P: 130 V: 17
922,C: 2 T: 12416 P: 125 V: 23
923,C: 2 T: 12427 P: 119 V: 22
924,C: 2 T: 12438 P: 114 V: 15
925,C: 2 T: 12449 P: 108 V: 17
926,C: 2 T: 12460 P: 103 V: 20
927,C: 2 T: 12471 P: 97 V: 13
928,C: 2 T: 12482 P: 92 V: 14
929,C: 2 T: 12493 P: 86 V: 10
930,C: 2 T: 12504 P: 81 V: 14
931,C: 2 T: 12515 P: 75 V: 15
932,C: 2 T: 12526 P: 70 V: 10
933,C: 2 T: 12537 P: 64 V: 10
934,C: 2 T: 12548 P: 59 V: 9
935,C: 2 T: 12559 P: 53 V: 22
936,C: 2 T: 12570 P: 48 V: 12
937,C: 2 T: 12581 P: 42 V: 12
938,C: 2 T: 12592 P: 37 V: 10
939,C: 2 T: 12603 P: 31 V: 17
940,C: 2 T: 12614 P: 26 V: 17
941,C: 2 T: 12625 P: 20 V: 13
942,C: 2 T: 12636 P: 15 V: 13
943,C: 2 T: 12647 P: 9 V: 16
944,C: 2 T: 12658 P: 4 V: 15
945,C: 2 T: 12669 P: -2 V: 20
946,C: 2 T: 12680 P: -7 V: 27
947,C: 2 T: 12691 P: -13 V: 14
948,C: 2 T: 12702 P: -18 V: 18
949,C: 2 T: 12713 P: -24 V: 9
950,C: 2 T: 12724 P: -29 V: 9
951,C: 2 T: 12735 P: -35 V: 15
952,C: 2 T: 12746 P: -40 V: 26
953,C: 2 T: 12757 P: -46 V: 14
954,C: 2 T: 12768 P: -51 V: 12
955,C: 2 T: 12779 P: -57 V: 14
956,C: 2 T: 12790 P: -62 V: 11
957,C: 2 T: 12801 P: -68 V: 24
958,C: 2 T: 12812 P: -73 V: 20
959,C: 2 T: 12823 P: -79 V: 12
960,C: 2 T: 12834 P: -84 V: 17
961,C: 2 T: 12845 P: -90 V: 15
962,C: 2 T: 12856 P: -95 V: 26
963,C: 2 T: 12867 P: -101 V: 24
964,C: 2 T: 12878 P: -106 V: 19
965,C: 2 T: 12889 P: -112 V: 18
966,C: 2 T: 12900 P: -117 V: 19
967,C: 2 T: 12911 P: -123 V: 29
968,C: 2 T: 12922 P: -128 V: 29
969,C: 2 T: 12933 P: -134 V: 27
970,C: 2 T: 12944 P: -139 V: 31
971,C: 2 T: 12955 P: -145 V: 15
972,C: 2 T: 12966 P: -150 V: 22
973,C: 2 T: 12977 P: -156 V: 24
974,C: 2 T: 12988 P: -161 V: 21
975,C: 2 T: 12999 P: -167 V: 16
976,C: 2 T: 13010 P: -172 V: 18
977,C: 2 T: 13021 P: -178 V: 21
978,C: 2 T: 13032 P: -183 V: 11
979,C: 2 T: 13043 P: -189 V: 19
980,C: 2 T: 13054 P: -194 V: 18
981,C: 2 T: 13065 P: -200 V: 25
982,C: 2 T: 13076 P: -205 V: 25
983,C: 2 T: 13087 P: -211 V: 32
984,C: 2 T: 13098 P: -216 V: 24
985,C: 2 T: 13109 P: -222 V: 33
986,C: 2 T: 13120 P: -227 V: 33
987,C: 2 T: 13131 P: -233 V: 30
988,C: 2 T: 13142 P: -238 V: 19
989,C: 2 T: 13153 P: -244 V: 24
990,C: 2 T: 13164 P: -249 V: 33
991,C: 2 T: 13175 P: -255 V: 29
992,C: 2 T: 13186 P: -260 V: 21
993,C: 2 T: 13197 P: -266 V: 28
994,C: 2 T: 13208 P: -271 V: 35
995,C: 2 T: 13219 P: -277 V: 27
996,C: 2 T: 13230 P: -282 V: 31
997,C: 2 T: 13241 P: -288 V: 29
998,C: 2 T: 13252 P: -293 V: 24
999,C: 2 T: 13263 P: -299 V: 40
1000,C: 2 T: 13274 P: -304 V: 28
1001,C: 2 T: 13285 P: -310 V: 34
1002,C: 2 T: 13296 P: -315 V: 29
1003,C: 2 T: 13307 P: -321 V: 28
1004,C: 2 T: 13318 P: -326 V: 29
1005,C: 2 T: 13329 P: -332 V: 22
1006,C: 2 T: 13340 P: -337 V: 27
1007,C: 2 T: 13351 P: -343 V: 38
1008,C: 2 T: 13362 P: -348 V: 23
1009,C: 2 T: 13373 P: -354 V: 31
1010,C: 2 T: 13384 P: -359 V: 18
1011,C: 2 T: 13395 P: -365 V: 32
1012,C: 2 T: 13406 P: -370 V: 23
1013,C: 2 T: 13417 P: -376 V: 27
1014,C: 2 T: 13428 P: -381 V: 40
1015,C: 2 T: 13439 P: -387 V: 37
1016,C: 2 T: 13450 P: -392 V: 27
1017,C: 2 T: 13461 P: -398 V: 30
1018,C: 2 T: 13472 P: -400 V: 21
1019,C: 2 T: 13483 P: -400 V: 20
1020,C: 2 T: 13494 P: -400 V: 22
1021,C: 2 T: 13505 P: -400 V: 28
1022,C: 2 T: 13516 P: -400 V: 21
1023,C: 2 T: 13527 P: -400 V: 32
1024,C: 2 T: 13538 P: -400 V: 40
1025,C: 2 T: 13549 P: -400 V: 33
1026,C: 2 T: 13560 P: -400 V: 32
1027,C: 2 T: 13571 P: -400 V: 34
1028,C: 2 T: 13582 P: -400 V: 36
1029,C: 2 T: 13593 P: -400 V: 18
1030,C: 2 T: 13604 P: -400 V: 32
1031,C: 2 T: 13615 P: -400 V: 27
1032,C: 2 T: 13626 P: -400 V: 31
1033,C: 2 T: 13637 P: -400 V: 39
1034,C: 2 T: 13648 P: -400 V: 20
1035,C: 2 T: 13659 P: -400 V: 40
1036,C: 2 T: 13670 P: -400 V: 30
1037,C: 2 T: 13681 P: -400 V: 32
1038,C: 2 T: 13692 P: -400 V: 30
1039,C: 2 T: 13703 P: -400 V: 39
1040,C: 2 T: 13714 P: -400 V: 25
1041,C: 2 T: 13725 P: -400 V: 34
1042,C: 2 T: 13736 P: -400 V: 26
1043,C: 2 T: 13747 P: -400 V: 32
1044,C: 2 T: 13758 P: -400 V: 34
1045,C: 2 T: 13769 P: -400 V: 30
1046,C: 2 T: 13780 P: -400 V: 23
1047,C: 2 T: 13791 P: -400 V: 26
1048,C: 2 T: 13802 P: -400 V: 25
1049,C: 2 T: 13813 P: -400 V: 31
1050,C: 2 T: 13824 P: -400 V: 32
1051,C: 2 T: 13835 P: -400 V: 26
1052,C: 2 T: 13846 P: -400 V: 19
1053,C: 2 T: 13857 P: -400 V: 30
1054,C: 2 T: 13868 P: -400 V: 29
1055,C: 2 T: 13879 P: -400 V: 39
1056,C: 2 T: 13890 P: -400 V: 22
1057,C: 2 T: 13901 P: -400 V: 23
1058,C: 2 T: 13912 P: -400 V: 29
1059,C: 2 T: 13923 P: -400 V: 34
1060,C: 2 T: 13934 P: -400 V: 18
1061,C: 2 T: 13945 P: -400 V: 29
1062,C: 2 T: 13956 P: -400 V: 29
1063,C: 2 T: 13967 P: -400 V: 34
1064,C: 2 T: 13978 P: -400 V: 17
1065,C: 2 T: 13989 P: -400 V: 31
1066,C: 2 T: 14000 P: -400 V: 37
1067,C: 2 T: 14011 P: -400 V: 41
1068,C: 2 T: 14022 P: -400 V: 27
1069,C: 2 T: 14033 P: -400 V: 21
1070,C: 2 T: 14044 P: -400 V: 31
1071,C: 2 T: 14055 P: -400 V: 31
1072,C: 2 T: 14066 P: -400 V: 31
1073,C: 2 T: 14077 P: -400 V: 34
1074,C: 2 T: 14088 P: -400 V: 35
1075,C: 2 T: 14099 P: -400 V: 25
1076,C: 2 T: 14110 P: -400 V: 39
1077,C: 2 T: 14121 P: -400 V: 23
1078,C: 2 T: 14132 P: -400 V: 32
1079,C: 2 T: 14143 P: -400 V: 29
1080,C: 2 T: 14154 P: -400 V: 21
1081,C: 2 T: 14165 P: -400 V: 26
1082,C: 2 T: 14176 P: -400 V: 28
1083,C: 2 T: 14187 P: -400 V: 24
1084,C: 2 T: 14198 P: -400 V: 24
1085,C: 2 T: 14209 P: -400 V: 32
1086,C: 2 T: 14220 P: -400 V: 40
1087,C: 2 T: 14231 P: -400 V: 27
1088,C: 2 T: 14242 P: -400 V: 32
1089,C: 2 T: 14253 P: -400 V: 30
1090,C: 2 T: 14264 P: -400 V: 34
1091,C: 2 T: 14275 P: -400 V: 25
1092,C: 2 T: 14286 P: -400 V: 33
1093,C: 2 T: 14297 P: -400 V: 34
1094,C: 2 T: 14308 P: -400 V: 37
1095,C: 2 T: 14319 P: -400 V: 25
1096,C: 2 T: 14330 P: -400 V: 33
1097,C: 2 T: 14341 P: -400 V: 39
1098,C: 2 T: 14352 P: -400 V: 24
1099,C: 2 T: 14363 P: -400 V: 35
1100,C: 2 T: 14374 P: -400 V: 37
1101,C: 2 T: 14385 P: -400 V: 34
1102,C: 2 T: 14396 P: -400 V: 48
1103,C: 2 T: 14407 P: -400 V: 33
1104,C: 2 T: 14418 P: -400 V: 27
1105,C: 2 T: 14429 P: -400 V: 24
1106,C: 2 T: 14440 P: -400 V: 29
1107,C: 2 T: 14451 P: -400 V: 38
1108,C: 2 T: 14462 P: -400 V: 34
1109,C: 2 T: 14473 P: -395 V: 36
1110,C: 2 T: 14484 P: -390 V: 23
1111,C: 2 T: 14495 P: -384 V: 29
1112,C: 2 T: 14506 P: -379 V: 33
1113,C: 2 T: 14517 P: -373 V: 30
1114,C: 2 T: 14528 P: -368 V: 35
1115,C: 2 T: 14539 P: -362 V: 35
1116,C: 2 T: 14550 P: -357 V: 23
1117,C: 2 T: 14561 P: -351 V: 22
1118,C: 2 T: 14572 P: -346 V: 29
1119,C: 2 T: 14583 P: -340 V: 40
1120,C: 2 T: 14594 P: -335 V: 26
1121,C: 2 T: 14605 P: -329 V: 28
1122,C: 2 T: 14616 P: -324 V: 31
1123,C: 2 T: 14627 P: -318 V: 29
1124,C: 2 T: 14638 P: -313 V: 28
1125,C: 2 T: 14649 P: -307 V: 25
1126,C: 2 T: 14660 P: -302 V: 29
1127,C: 2 T: 14671 P: -296 V: 36
1128,C: 2 T: 14682 P: -291 V: 35
1129,C: 2 T: 14693 P: -285 V: 23
1130,C: 2 T: 14704 P: -280 V: 21
1131,C: 2 T: 14715 P: -274 V: 36
1132,C: 2 T: 14726 P: -269 V: 30
1133,C: 2 T: 14737 P: -263 V: 31
1134,C: 2 T: 14748 P: -258 V: 29
1135,C: 2 T: 14759 P: -252 V: 28
1136,C: 2 T: 14770 P: -247 V: 18
1137,C: 2 T: 14781 P: -241 V: 29
1138,C: 2 T: 14792 P: -236 V: 31
1139,C: 2 T: 14803 P: -230 V: 28
1140,C: 2 T: 14814 P: -225 V: 36
1141,C: 2 T: 14825 P: -219 V: 35
1142,C: 2 T: 14836 P: -214 V: 30
1143,C: 2 T: 14847 P: -208 V: 30
1144,C: 2 T: 14858 P: -203 V: 27
1145,C: 2 T: 14869 P: -197 V: 31
1146,C: 2 T: 14880 P: -192 V: 22
1147,C: 2 T: 14891 P: -186 V: 33
1148,C: 2 T: 14902 P: -181 V: 20
1149,C: 2 T: 14913 P: -175 V: 20
1150,C: 2 T: 14924 P: -170 V: 23
1151,C: 2 T: 14935 P: -164 V: 29
1152,C: 2 T: 14946 P: -159 V: 24
1153,C: 2 T: 14957 P: -153 V: 27
1154,C: 2 T: 14968 P: -148 V: 29
1155,C: 2 T: 14979 P: -142 V: 36
1156,C: 2 T: 14990 P: -137 V: 27
1157,C: 2 T: 15001 P: -131 V: 29
1158,C: 2 T: 15012 P: -126 V: 23
1159,C: 2 T: 15023 P: -120 V: 20
1160,C: 2 T: 15034 P: -115 V: 19
1161,C: 2 T: 15045 P: -109 V: 26
1162,C: 2 T: 15056 P: -104 V: 24
1163,C: 2 T: 15067 P: -98 V: 20
1164,C: 2 T: 15078 P: -93 V: 20
1165,C: 2 T: 15089 P: -87 V: 27
1166,C: 2 T: 15100 P: -82 V: 31
1167,C: 2 T: 15111 P: -76 V: 22
1168,C: 2 T: 15122 P: -71 V: 17
1169,C: 2 T: 15133 P: -65 V: 23
1170,C: 2 T: 15144 P: -60 V: 21
1171,C: 2 T: 15155 P: -54 V: 34
1172,C: 2 T: 15166 P: -49 V: 26
1173,C: 2 T: 15177 P: -43 V: 23
1174,C: 2 T: 15188 P: -38 V: 20
1175,C: 2 T: 15199 P: -32 V: 29
1176,C: 2 T: 15210 P: -27 V: 16
1177,C: 2 T: 15221 P: -21 V: 16
1178,C: 2 T: 15232 P: -16 V: 21
1179,C: 2 T: 15243 P: -10 V: 14
1180,C: 2 T: 15254 P: -5 V: 13
1181,C: 2 T: 15265 P: 1 V: 16
1182,C: 2 T: 15276 P: 6 V: 8
1183,C: 2 T: 15287 P: 12 V: 13
1184,C: 2 T: 15298 P: 17 V: 20
1185,C: 2 T: 15309 P: 23 V: 21
1186,C: 2 T: 15320 P: 28 V: 16
1187,C: 2 T: 15331 P: 34 V: 18
1188,C: 2 T: 15342 P: 39 V: 22
1189,C: 2 T: 15353 P: 45 V: 28
1190,C: 2 T: 15364 P: 50 V: 23
1191,C: 2 T: 15375 P: 56 V: 13
1192,C: 2 T: 15386 P: 61 V: 13
1193,C: 2 T: 15397 P: 67 V: 11
1194,C: 2 T: 15408 P: 72 V: 10
1195,C: 2 T: 15419 P: 78 V: 18
1196,C: 2 T: 15430 P: 83 V: 7
1197,C: 2 T: 15441 P: 89 V: 10
1198,C: 2 T: 15452 P: 94 V: 6
1199,C: 2 T: 15463 P: 100 V: 14
1200,C: 2 T: 15474 P: 105 V: 14
1201,C: 2 T: 15485 P: 111 V: 14
1202,C: 2 T: 15496 P: 116 V: 25
1203,C: 2 T: 15507 P: 122 V: 10
1204,C: 2 T: 15518 P: 127 V: 12
1205,C: 2 T: 15529 P: 133 V: 19
1206,C: 2 T: 15540 P: 138 V: 18
1207,C: 2 T: 15551 P: 144 V: 9
1208,C: 2 T: 15562 P: 149 V: 13
1209,C: 2 T: 15573 P: 155 V: 11
1210,C: 2 T: 15584 P: 160 V: 9
1211,C: 2 T: 15595 P: 166 V: 13
1212,C: 2 T: 15606 P: 171 V: 9
1213,C: 2 T: 15617 P: 177 V: 25
1214,C: 2 T: 15628 P: 182 V: 13
1215,C: 2 T: 15639 P: 188 V: 15
1216,C: 2 T: 15650 P: 193 V: 12
1217,C: 2 T: 15661 P: 199 V: 22
1218,C: 2 T: 15672 P: 204 V: 28
1219,C: 2 T: 15683 P: 210 V: 18
1220,C: 2 T: 15694 P: 215 V: 15
1221,C: 2 T: 15705 P: 221 V: 30
1222,C: 2 T: 15716 P: 226 V: 23
1223,C: 2 T: 15727 P: 232 V: 26
1224,C: 2 T: 15738 P: 237 V: 16
1225,C: 2 T: 15749 P: 243 V: 22
1226,C: 2 T: 15760 P: 248 V: 16
1227,C: 2 T: 15771 P: 254 V: 19
1228,C: 2 T: 15782 P: 259 V: 9
1229,C: 2 T: 15793 P: 265 V: 19
1230,C: 2 T: 15804 P: 270 V: 19
1231,C: 2 T: 15815 P: 276 V: 17
1232,C: 2 T: 15826 P: 281 V: 21
1233,C: 2 T: 15837 P: 287 V: 16
1234,C: 2 T: 15848 P: 292 V: 17
1235,C: 2 T: 15859 P: 298 V: 20
1236,C: 2 T: 15870 P: 303 V: 25
1237,C: 2 T: 15881 P: 309 V: 21
1238,C: 2 T: 15892 P: 314 V: 21
1239,C: 2 T: 15903 P: 320 V: 19
1240,C: 2 T: 15914 P: 325 V: 22
1241,C: 2 T: 15925 P: 331 V: 35
1242,C: 2 T: 15936 P: 336 V: 14
1243,C: 2 T: 15947 P: 342 V: 15
1244,C: 2 T: 15958 P: 347 V: 15
1245,C: 2 T: 15969 P: 353 V: 17
1246,C: 2 T: 15980 P: 358 V: 11
1247,C: 2 T: 15991 P: 364 V: 15
1248,C: 2 T: 16002 P: 369 V: 14
1249,C: 2 T: 16013 P: 375 V: 28
1250,C: 2 T: 16024 P: 380 V: 23
1251,C: 2 T: 16035 P: 386 V: 20
1252,C: 2 T: 16046 P: 391 V: 20
1253,C: 2 T: 16057 P: 397 V: 20
1254,C: 2 T: 16068 P: 400 V: 24
1255,C: 2 T: 16079 P: 400 V: 17
1256,C: 2 T: 16090 P: 400 V: 14
1257,C: 2 T: 16101 P: 400 V: 19
1258,C: 2 T: 16112 P: 400 V: 24
1259,C: 2 T: 16123 P: 400 V: 20
1260,C: 2 T: 16134 P: 400 V: 18
1261,C: 2 T: 16145 P: 400 V: 12
1262,C: 2 T: 16156 P: 400 V: 14
1263,C: 2 T: 16167 P: 400 V: 27
1264,C: 2 T: 16178 P: 400 V: 20
1265,C: 2 T: 16189 P: 400 V: 33
1266,C: 2 T: 16200 P: 400 V: 17
1267,C: 2 T: 16211 P: 400 V: 18
1268,C: 2 T: 16222 P: 400 V: 20
1269,C: 2 T: 16233 P: 400 V: 27
1270,C: 2 T: 16244 P: 400 V: 27
1271,C: 2 T: 16255 P: 400 V: 28
1272,C: 2 T: 16266 P: 400 V: 15
1273,C: 2 T: 16277 P: 400 V: 27
1274,C: 2 T: 16288 P: 400 V: 26
1275,C: 2 T: 16299 P: 400 V: 23
1276,C: 2 T: 16310 P: 400 V: 17
1277,C: 2 T: 16321 P: 400 V: 25
1278,C: 2 T: 16332 P: 400 V: 22
1279,C: 2 T: 16343 P: 400 V: 21
1280,C: 2 T: 16354 P: 400 V: 16
1281,C: 2 T: 16365 P: 400 V: 21
1282,C: 2 T: 16376 P: 400 V: 32
1283,C: 2 T: 16387 P: 400 V: 13
1284,C: 2 T: 16398 P: 400 V: 25
1285,C: 2 T: 16409 P: 400 V: 21
1286,C: 2 T: 16420 P: 400 V: 25
1287,C: 2 T: 16431 P: 400 V: 18
1288,C: 2 T: 16442 P: 400 V: 38
1289,C: 2 T: 16453 P: 400 V: 19
1290,C: 2 T: 16464 P: 400 V: 15
1291,C: 2 T: 16475 P: 400 V: 27
1292,C: 2 T: 16486 P: 400 V: 29
1293,C: 2 T: 16497 P: 400 V: 20
1294,C: 2 T: 16508 P: 400 V: 19
1295,C: 2 T: 16519 P: 400 V: 30
1296,C: 2 T: 16530 P: 400 V: 17
1297,C: 2 T: 16541 P: 400 V: 19
1298,C: 2 T: 16552 P: 400 V: 21
1299,C: 2 T: 16563 P: 400 V: 28
1300,C: 2 T: 16574 P: 400 V: 18
1301,C: 2 T: 16585 P: 400 V: 19
1302,C: 2 T: 16596 P: 400 V: 29
1303,C: 2 T: 16607 P: 400 V: 16
1304,C: 2 T: 16618 P: 400 V: 31
1305,C: 2 T: 16629 P: 400 V: 17
1306,C: 2 T: 16640 P: 400 V: 15
1307,C: 2 T: 16651 P: 400 V: 33
1308,C: 2 T: 16662 P: 400 V: 20
1309,C: 2 T: 16673 P: 400 V: 21
1310,C: 2 T: 16684 P: 400 V: 31
1311,C: 2 T: 16695 P: 400 V: 14
1312,C: 2 T: 16706 P: 400 V: 19
1313,C: 2 T: 16717 P: 400 V: 21
1314,C: 2 T: 16728 P: 400 V: 23
1315,C: 2 T: 16739 P: 400 V: 13
1316,C: 2 T: 16750 P: 400 V: 33
1317,C: 2 T: 16761 P: 400 V: 24
1318,C: 2 T: 16772 P: 400 V: 21
1319,C: 2 T: 16783 P: 400 V: 21
1320,C: 2 T: 16794 P: 400 V: 20
1321,C: 2 T: 16805 P: 400 V: 18
1322,C: 2 T: 16816 P: 400 V: 22
1323,C: 2 T: 16827 P: 400 V: 28
1324,C: 2 T: 16838 P: 400 V: 15
1325,C: 2 T: 16849 P: 400 V: 20
1326,C: 2 T: 16860 P: 400 V: 30
1327,C: 2 T: 16871 P: 400 V: 12
1328,C: 2 T: 16882 P: 400 V: 25
1329,C: 2 T: 16893 P: 400 V: 32
1330,C: 2 T: 16904 P: 400 V: 19
1331,C: 2 T: 16915 P: 400 V: 23
1332,C: 2 T: 16926 P: 400 V: 13
1333,C: 2 T: 16937 P: 400 V: 23
1334,C: 2 T: 16948 P: 400 V: 25
1335,C: 2 T: 16959 P: 400 V: 17
1336,C: 2 T: 16970 P: 400 V: 10
1337,C: 2 T: 16981 P: 400 V: 24
1338,C: 2 T: 16992 P: 400 V: 21
1339,C: 2 T: 17003 P: 400 V: 22
1340,C: 2 T: 17014 P: 400 V: 25
1341,C: 2 T: 17025 P: 400 V: 25
1342,C: 2 T: 17036 P: 400 V: 16
1343,C: 2 T: 17047 P: 400 V: 25
1344,C: 2 T: 17058 P: 400 V: 23
1345,C: 3 T: 17069 P: 396 V: 22
1346,C: 3 T: 17080 P: 391 V: 18
1347,C: 3 T: 17091 P: 385 V: 18
1348,C: 3 T: 17102 P: 380 V: 25
1349,C: 3 T: 17113 P: 374 V: 18
1350,C: 3 T: 17124 P: 369 V: 24
1351,C: 3 T: 17135 P: 363 V: 23
1352,C: 3 T: 17146 P: 358 V: 25
1353,C: 3 T: 17157 P: 352 V: 28
1354,C: 3 T: 17168 P: 347 V: 24
1355,C: 3 T: 17179 P: 341 V: 28
1356,C: 3 T: 17190 P: 336 V: 14
1357,C: 3 T: 17201 P: 330 V: 31
1358,C: 3 T: 17212 P: 325 V: 19
1359,C: 3 T: 17223 P: 319 V: 15
1360,C: 3 T: 17234 P: 314 V: 23
1361,C: 3 T: 17245 P: 308 V: 17
1362,C: 3 T: 17256 P: 303 V: 24
1363,C: 3 T: 17267 P: 297 V: 18
1364,C: 3 T: 17278 P: 292 V: 17
1365,C: 3 T: 17289 P: 286 V: 30
1366,C: 3 T: 17300 P: 281 V: 24
1367,C: 3 T: 17311 P: 275 V: 25
1368,C: 3 T: 17322 P: 270 V: 30
1369,C: 3 T: 17333 P: 264 V: 19
1370,C: 3 T: 17344 P: 259 V: 22
1371,C: 3 T: 17355 P: 253 V: 18
1372,C: 3 T: 17366 P: 248 V: 23
1373,C: 3 T: 17377 P: 242 V: 21
1374,C: 3 T: 17388 P: 237 V: 14
1375,C: 3 T: 17399 P: 231 V: 16
1376,C: 3 T: 17410 P: 226 V: 15
1377,C: 3 T: 17421 P: 220 V: 24
1378,C: 3 T: 17432 P: 215 V: 21
1379,C: 3 T: 17443 P: 209 V: 27
1380,C: 3 T: 17454 P: 204 V: 21
1381,C: 3 T: 17465 P: 198 V: 27
1382,C: 3 T: 17476 P: 193 V: 29
1383,C: 3 T: 17487 P: 187 V: 14
1384,C: 3 T: 17498 P: 182 V: 20
1385,C: 3 T: 17509 P: 176 V: 9
1386,C: 3 T: 17520 P: 171 V: 20
1387,C: 3 T: 17531 P: 165 V: 18
1388,C: 3 T: 17542 P: 160 V: 18
1389,C: 3 T: 17553 P: 154 V: 31
1390,C: 3 T: 17564 P: 149 V: 17
1391,C: 3 T: 17575 P: 143 V: 11
1392,C: 3 T: 17586 P: 138 V: 16
1393,C: 3 T: 17597 P: 132 V: 15
1394,C: 3 T: 17608 P: 127 V: 20
1395,C: 3 T: 17619 P: 121 V: 17
1396,C: 3 T: 17630 P: 116 V: 15
1397,C: 3 T: 17641 P: 110 V: 11
1398,C: 3 T: 17652 P: 105 V: 27
1399,C: 3 T: 17663 P: 99 V: 26
1400,C: 3 T: 17674 P: 94 V: 26
1401,C: 3 T: 17685 P: 88 V: 21
1402,C: 3 T: 17696 P: 83 V: 14
1403,C: 3 T: 17707 P: 77 V: 11
1404,C: 3 T: 17718 P: 72 V: 21
1405,C: 3 T: 17729 P: 66 V: 16
1406,C: 3 T: 17740 P: 61 V: 12
1407,C: 3 T: 17751 P: 55 V: 24
1408,C: 3 T: 17762 P: 50 V: 18
1409,C: 3 T: 17773 P: 44 V: 20
1410,C: 3 T: 17784 P: 39 V: 23
1411,C: 3 T: 17795 P: 33 V: 12
1412,C: 3 T: 17806 P: 28 V: 12
1413,C: 3 T: 17817 P: 22 V: 17
1414,C: 3 T: 17828 P: 17 V: 11
1415,C: 3 T: 17839 P: 11 V: 8
1416,C: 3 T: 17850 P: 6 V: 8
1417,
